,mRNA_based_label,protein_based_label,functional_state_based_label,Mutation_label
TCGA-B5-A3FA,Medium,Medium,,Mutated
TCGA-BG-A0MI,High,nan,,Not_mutated
TCGA-AP-A1DQ,Medium,Medium,,Not_mutated
TCGA-AX-A1C8,Low,nan,,Not_mutated
TCGA-B5-A11Q,Low,High,,Not_mutated
TCGA-AP-A05A,Low,Medium,,Not_mutated
TCGA-A5-A2K4,High,Medium,,Not_mutated
TCGA-D1-A15Z,High,High,High,Not_mutated
TCGA-A5-A0RA,Low,Medium,,Not_mutated
TCGA-BS-A0UV,Medium,nan,,Mutated
TCGA-AX-A2H5,Medium,Medium,,Not_mutated
TCGA-A5-A0GQ,Medium,Medium,,Mutated
TCGA-PG-A917,Medium,nan,,Mutated
TCGA-AJ-A3NC,Medium,Medium,,Not_mutated
TCGA-BG-A0MG,Medium,Low,Low,Mutated
TCGA-D1-A101,Low,Medium,,Not_mutated
TCGA-BG-A3PP,Medium,Medium,,Not_mutated
TCGA-AP-A0LJ,Medium,High,,Not_mutated
TCGA-D1-A2G5,High,nan,,Not_mutated
TCGA-FI-A2F4,High,nan,,Mutated
TCGA-A5-A0GX,Medium,Medium,,Not_mutated
TCGA-E6-A2P9,High,Medium,,Mutated
TCGA-B5-A1MW,High,Medium,,Not_mutated
TCGA-BG-A0W2,Medium,nan,High,Not_mutated
TCGA-AP-A1E1,High,Medium,,Mutated
TCGA-KP-A3W4,High,Medium,,Not_mutated
TCGA-AX-A3G9,Low,Low,,Mutated
TCGA-AX-A06B,Low,Medium,,Not_mutated
TCGA-BS-A0V6,Medium,nan,Low,Mutated
TCGA-D1-A174,Medium,nan,,Mutated
TCGA-DF-A2KV,Medium,Low,Low,Mutated
TCGA-D1-A17A,Low,nan,Low,Mutated
TCGA-DF-A2L0,Low,Medium,,Not_mutated
TCGA-DI-A1NO,Low,Medium,,Not_mutated
TCGA-AX-A05Y,High,Medium,,Mutated
TCGA-AP-A1DK,Medium,nan,,Mutated
TCGA-D1-A16B,Medium,Low,,Mutated
TCGA-A5-A1OK,High,Medium,,Mutated
TCGA-D1-A176,Medium,Medium,,Mutated
TCGA-EY-A1GO,Medium,High,High,Not_mutated
TCGA-EY-A4KR,Medium,nan,,Not_mutated
TCGA-D1-A16D,Medium,Medium,,Mutated
TCGA-D1-A2G7,Medium,Medium,,Not_mutated
TCGA-FI-A3PX,High,High,,Not_mutated
TCGA-B5-A0JZ,Medium,Low,Low,Not_mutated
TCGA-EY-A1GM,Medium,Medium,,Not_mutated
TCGA-EY-A3QX,Medium,Medium,,Not_mutated
TCGA-D1-A2G6,High,Medium,,Not_mutated
TCGA-D1-A162,High,High,High,Not_mutated
TCGA-AX-A0J1,Medium,Medium,,Mutated
TCGA-AX-A1CC,High,nan,,Not_mutated
TCGA-AP-A052,Medium,High,,Not_mutated
TCGA-A5-A2K7,Medium,Low,Low,Mutated
TCGA-AX-A1CK,Low,nan,,Not_mutated
TCGA-BS-A0UA,High,nan,,Mutated
TCGA-AJ-A3EK,Medium,Medium,,Mutated
TCGA-AJ-A3NE,Medium,nan,,Mutated
TCGA-EY-A1GF,High,High,High,Mutated
TCGA-E6-A1LZ,Low,Medium,,Not_mutated
TCGA-AJ-A3OK,Low,Low,Low,Mutated
TCGA-QS-A744,High,nan,,Mutated
TCGA-D1-A0ZN,Medium,nan,,Mutated
TCGA-EY-A2OM,High,Medium,,Mutated
TCGA-EC-A1NJ,Medium,Medium,,Not_mutated
TCGA-AJ-A3EM,High,nan,,Not_mutated
TCGA-B5-A3S1,Medium,Medium,,Not_mutated
TCGA-FI-A2F9,High,nan,High,Not_mutated
TCGA-BS-A0U7,Medium,Low,,Mutated
TCGA-AX-A2IO,Low,nan,,Not_mutated
TCGA-BG-A187,High,High,,Not_mutated
TCGA-EO-A22X,Medium,Low,,Mutated
TCGA-AX-A0IZ,Low,Low,Low,Not_mutated
TCGA-A5-A3LO,High,Medium,,Not_mutated
TCGA-B5-A0K7,Medium,High,High,Not_mutated
TCGA-BS-A0V8,Low,nan,Low,Mutated
TCGA-AP-A0LT,High,Low,Low,Not_mutated
TCGA-BK-A0CC,High,High,High,Not_mutated
TCGA-AX-A2HJ,High,High,High,Not_mutated
TCGA-FI-A2D2,High,nan,High,Not_mutated
TCGA-A5-A0GH,High,Low,,Mutated
TCGA-A5-A0G5,Medium,High,,Not_mutated
TCGA-AX-A1C4,Medium,nan,,Mutated
TCGA-D1-A17K,Medium,High,High,Not_mutated
TCGA-FI-A2D4,Low,nan,,Mutated
TCGA-A5-A1OG,Medium,Low,Low,Not_mutated
TCGA-AX-A2HC,Medium,Low,,Mutated
TCGA-A5-A0GA,Medium,Low,Low,Mutated
TCGA-B5-A1MY,Medium,High,High,Not_mutated
TCGA-AJ-A2QL,High,High,High,Not_mutated
TCGA-AX-A2HG,Low,Low,Low,Not_mutated
TCGA-FI-A2F8,Medium,nan,,Not_mutated
TCGA-AX-A3FT,Low,Low,Low,Mutated
TCGA-BG-A0VV,Medium,Low,Low,Mutated
TCGA-BG-A0LX,Medium,Low,,Mutated
TCGA-D1-A102,Medium,High,High,Not_mutated
TCGA-A5-A2K5,Low,Medium,,Mutated
TCGA-A5-A0GI,Medium,Medium,,Mutated
TCGA-B5-A11F,Medium,High,High,Not_mutated
TCGA-PG-A5BC,Medium,nan,,Not_mutated
TCGA-EY-A1GS,Low,Low,Low,Not_mutated
TCGA-A5-A0GU,Medium,High,,Not_mutated
TCGA-AP-A1DM,Low,Medium,,Mutated
TCGA-A5-A0GG,Medium,Medium,,Not_mutated
TCGA-AP-A05J,Low,High,,Not_mutated
TCGA-EO-A22R,High,Medium,,Mutated
TCGA-E6-A1LX,High,Medium,,Mutated
TCGA-D1-A1O0,Medium,nan,,Not_mutated
TCGA-EY-A212,Medium,Medium,,Not_mutated
TCGA-FI-A2EW,Low,High,,Not_mutated
TCGA-A5-A0G1,Medium,Medium,,Mutated
TCGA-BG-A0MQ,Medium,nan,,Not_mutated
TCGA-EY-A1GQ,Low,Low,Low,Not_mutated
TCGA-BG-A0MC,Low,Low,Low,Not_mutated
TCGA-BG-A221,Medium,Low,Low,Mutated
TCGA-EY-A1GK,Medium,Medium,,Mutated
TCGA-AP-A0LN,Medium,High,,Not_mutated
TCGA-KP-A3W1,Low,Low,Low,Not_mutated
TCGA-D1-A1O8,Medium,Low,Low,Mutated
TCGA-EY-A548,Medium,nan,,Not_mutated
TCGA-E6-A1M0,High,Medium,,Mutated
TCGA-DF-A2KN,Medium,Medium,,Not_mutated
TCGA-AP-A0LF,Low,Medium,,Not_mutated
TCGA-A5-AB3J,Medium,nan,,Not_mutated
TCGA-EY-A1GH,High,High,High,Not_mutated
TCGA-FI-A2EY,Low,Medium,,Not_mutated
TCGA-AX-A05T,Low,Low,,Mutated
TCGA-B5-A3FH,Medium,Low,,Mutated
TCGA-BS-A0UL,Medium,nan,,Not_mutated
TCGA-BK-A0CA,High,Medium,,Mutated
TCGA-A5-A0GE,Medium,Medium,,Not_mutated
TCGA-BK-A26L,High,High,High,Not_mutated
TCGA-EY-A1GI,High,Medium,,Mutated
TCGA-D1-A160,Medium,Low,Low,Mutated
TCGA-B5-A1N2,Medium,Medium,,Not_mutated
TCGA-D1-A16E,Medium,Low,,Mutated
TCGA-EY-A1GU,High,Medium,,Not_mutated
TCGA-B5-A0JX,High,Low,,Mutated
TCGA-AP-A1E0,High,Medium,,Mutated
TCGA-DF-A2KY,Low,Medium,,Not_mutated
TCGA-SJ-A6ZI,Medium,nan,,Mutated
TCGA-AX-A3G4,Medium,High,,Not_mutated
TCGA-AP-A0LE,Low,Medium,,Mutated
TCGA-D1-A1NX,Medium,nan,,Not_mutated
TCGA-EY-A3L3,High,High,,Not_mutated
TCGA-A5-A0GD,Medium,Medium,,Not_mutated
TCGA-D1-A0ZR,High,High,High,Not_mutated
TCGA-BS-A0TG,Low,Medium,,Mutated
TCGA-AP-A0LH,Medium,Medium,,Not_mutated
TCGA-AP-A05N,Low,Low,Low,Mutated
TCGA-B5-A1MV,Medium,Medium,,Mutated
TCGA-AP-A1E3,Medium,Medium,,Mutated
TCGA-AX-A1CF,Medium,nan,,Not_mutated
TCGA-B5-A11E,High,High,,Mutated
TCGA-D1-A17F,Low,Medium,,Mutated
TCGA-A5-A0GB,Low,Low,,Mutated
TCGA-AJ-A3EL,Medium,nan,,Not_mutated
TCGA-DF-A2KZ,Low,Low,Low,Mutated
TCGA-EO-A3AS,Low,nan,,Not_mutated
TCGA-AX-A3FZ,Medium,Low,,Mutated
TCGA-AJ-A23N,High,Medium,,Not_mutated
TCGA-BG-A0MO,Medium,nan,,Not_mutated
TCGA-BG-A0LW,Medium,High,High,Not_mutated
TCGA-AJ-A3QS,Medium,nan,,Not_mutated
TCGA-FI-A2D6,High,nan,Low,Mutated
TCGA-AP-A0LO,Medium,nan,,Not_mutated
TCGA-EO-A1Y5,Medium,Medium,,Not_mutated
TCGA-AJ-A8CT,Low,nan,,Not_mutated
TCGA-D1-A16V,Medium,Medium,,Not_mutated
TCGA-AP-A0L8,Medium,nan,High,Not_mutated
TCGA-AX-A3FS,Medium,Low,,Not_mutated
TCGA-EO-A3AU,Medium,Low,,Mutated
TCGA-KP-A3W0,Medium,Medium,,Not_mutated
TCGA-B5-A11N,Low,Medium,,Not_mutated
TCGA-BS-A0V7,Low,Medium,,Not_mutated
TCGA-D1-A17Q,High,Medium,,Mutated
TCGA-BG-A0VT,Low,Medium,,Mutated
TCGA-AP-A0LG,Medium,Low,,Mutated
TCGA-AP-A0LL,Low,Medium,,Mutated
TCGA-AX-A060,Medium,High,,Not_mutated
TCGA-E6-A2P8,Medium,Medium,,Mutated
TCGA-EO-A3AV,Medium,Low,Low,Mutated
TCGA-AJ-A23M,High,High,,Not_mutated
TCGA-B5-A5OE,Medium,nan,,Not_mutated
TCGA-D1-A1NW,Medium,nan,,Not_mutated
TCGA-D1-A0ZU,High,Low,,Mutated
TCGA-AP-A054,High,High,High,Mutated
TCGA-BG-A0YV,Medium,Medium,,Mutated
TCGA-AX-A0IW,High,High,,Not_mutated
TCGA-AJ-A2QK,Medium,Medium,,Not_mutated
TCGA-A5-A7WK,Medium,nan,,Not_mutated
TCGA-B5-A11H,Medium,Medium,,Mutated
TCGA-QF-A5YS,Medium,nan,,Not_mutated
TCGA-BS-A0TI,Low,Medium,,Not_mutated
TCGA-AJ-A2QN,High,nan,,Not_mutated
TCGA-BS-A0WQ,Medium,nan,,Not_mutated
TCGA-EY-A1GT,Medium,Low,,Mutated
TCGA-AP-A0LI,Low,Medium,,Not_mutated
TCGA-BS-A0UT,Low,nan,,Not_mutated
TCGA-AX-A3G6,Medium,nan,,Mutated
TCGA-EY-A1GV,Medium,Medium,,Not_mutated
TCGA-D1-A17B,High,Medium,,Not_mutated
TCGA-AX-A05U,High,High,High,Not_mutated
TCGA-AJ-A3I9,Medium,nan,,Not_mutated
TCGA-AX-A06H,Low,nan,Low,Mutated
TCGA-D1-A177,High,Low,Low,Not_mutated
TCGA-PG-A6IB,Low,nan,Low,Mutated
TCGA-PG-A915,High,nan,,Not_mutated
TCGA-B5-A3FC,Medium,Medium,,Mutated
TCGA-BG-A0VZ,Medium,nan,,Mutated
TCGA-DI-A2QT,Low,Medium,,Not_mutated
TCGA-B5-A3FD,Medium,High,High,Not_mutated
TCGA-D1-A1O5,Medium,Low,,Mutated
TCGA-D1-A175,High,High,High,Not_mutated
TCGA-EC-A1QX,Medium,Low,,Mutated
TCGA-AX-A06L,Low,Medium,,Mutated
TCGA-B5-A1MU,High,Medium,,Not_mutated
TCGA-D1-A15V,High,High,High,Not_mutated
TCGA-B5-A11X,Medium,Low,Low,Mutated
TCGA-EY-A2OP,High,Low,,Mutated
TCGA-BS-A0TJ,High,Low,,Mutated
TCGA-BG-A0MA,Medium,Medium,,Mutated
TCGA-EY-A1GW,Medium,High,,Not_mutated
TCGA-BS-A0U8,Low,Low,,Mutated
TCGA-AX-A1CI,Low,nan,,Mutated
TCGA-B5-A11M,High,nan,,Mutated
TCGA-EO-A3KX,Medium,Medium,,Not_mutated
TCGA-BG-A18A,Medium,Low,Low,Mutated
TCGA-PG-A914,High,nan,,Mutated
TCGA-BS-A0UJ,Low,Medium,,Mutated
TCGA-AP-A5FX,Medium,nan,,Not_mutated
TCGA-B5-A0JR,Low,nan,,Mutated
TCGA-BS-A0UM,Medium,nan,,Mutated
TCGA-EY-A1GX,Medium,Medium,,Not_mutated
TCGA-AX-A3GB,Low,nan,,Not_mutated
TCGA-D1-A17D,High,Medium,,Mutated
TCGA-D1-A16Q,Low,Medium,,Mutated
TCGA-AX-A06J,Medium,Medium,,Mutated
TCGA-B5-A5OC,Medium,nan,,Mutated
TCGA-AX-A2H4,Low,nan,,Not_mutated
TCGA-FI-A2CX,Medium,nan,,Not_mutated
TCGA-AP-A053,High,High,High,Not_mutated
TCGA-AX-A3G3,Medium,Medium,,Not_mutated
TCGA-EY-A1G7,High,High,High,Not_mutated
TCGA-AP-A05D,Medium,Medium,,Not_mutated
TCGA-EY-A1G8,High,High,High,Not_mutated
TCGA-BG-A0M8,Low,Medium,,Not_mutated
TCGA-FI-A2D5,High,nan,,Mutated
TCGA-2E-A9G8,Medium,nan,High,Not_mutated
TCGA-AX-A1C7,Low,nan,,Not_mutated
TCGA-BK-A139,Medium,Medium,,Not_mutated
TCGA-AP-A3K1,Low,Medium,,Not_mutated
TCGA-B5-A11W,Low,Low,Low,Mutated
TCGA-BG-A2AD,Medium,Low,,Not_mutated
TCGA-A5-A7WJ,Medium,nan,,Mutated
TCGA-B5-A121,Medium,Medium,,Mutated
TCGA-EY-A1GC,Medium,High,,Not_mutated
TCGA-AP-A1E4,Medium,High,,Not_mutated
TCGA-AP-A0L9,Medium,nan,,Not_mutated
TCGA-B5-A0JS,Medium,nan,,Mutated
TCGA-AX-A3G1,Medium,nan,,Not_mutated
TCGA-AJ-A3NF,Medium,nan,,Not_mutated
TCGA-D1-A15W,Medium,Medium,,Mutated
TCGA-DF-A2KS,Medium,Medium,,Not_mutated
TCGA-A5-A1OJ,Low,Medium,,Not_mutated
TCGA-EY-A210,Low,Medium,,Not_mutated
TCGA-FI-A3PV,Medium,nan,,Not_mutated
TCGA-A5-A0R6,Medium,Medium,,Mutated
TCGA-BK-A0C9,Medium,High,,Mutated
TCGA-B5-A3FB,High,Medium,,Mutated
TCGA-AP-A0LD,Low,Medium,,Mutated
TCGA-EY-A549,Medium,nan,,Not_mutated
TCGA-BG-A0M3,Low,Low,Low,Mutated
TCGA-KP-A3VZ,Medium,Medium,,Not_mutated
TCGA-D1-A17U,Medium,Medium,,Mutated
TCGA-B5-A0K2,Low,Low,Low,Mutated
TCGA-BS-A0TD,Medium,Low,Low,Not_mutated
TCGA-KP-A3W3,Low,Medium,,Not_mutated
TCGA-BG-A2AE,Medium,Medium,,Mutated
TCGA-AJ-A3BD,Low,High,,Not_mutated
TCGA-A5-A0GR,Low,High,,Not_mutated
TCGA-AX-A1CJ,Low,nan,,Not_mutated
TCGA-A5-A0R8,Low,Low,Low,Mutated
TCGA-EY-A1H0,Medium,High,High,Not_mutated
TCGA-BS-A0V4,Low,Medium,,Mutated
TCGA-A5-A0VO,Medium,Medium,,Not_mutated
TCGA-D1-A17L,Medium,Medium,,Not_mutated
TCGA-AX-A0IU,High,nan,,Not_mutated
TCGA-AP-A1DO,Medium,Medium,,Not_mutated
TCGA-EY-A1GD,High,High,High,Not_mutated
TCGA-AJ-A2QO,Medium,nan,,Mutated
TCGA-AX-A3G7,Low,nan,,Not_mutated
TCGA-D1-A1NS,Medium,Low,Low,Mutated
TCGA-FI-A2D0,High,nan,,Not_mutated
TCGA-B5-A11Y,Medium,Medium,,Not_mutated
TCGA-EY-A2OQ,Medium,Medium,,Not_mutated
TCGA-DI-A1BU,Low,Low,Low,Mutated
TCGA-BG-A0M6,High,High,High,Not_mutated
TCGA-PG-A7D5,Medium,nan,,Not_mutated
TCGA-D1-A161,Medium,Medium,,Not_mutated
TCGA-AX-A1C9,Medium,nan,,Mutated
TCGA-QS-A5YQ,Medium,nan,,Not_mutated
TCGA-D1-A15X,Medium,Low,Low,Mutated
TCGA-BG-A0W1,Medium,High,,Not_mutated
TCGA-SL-A6JA,Low,nan,,Mutated
TCGA-BK-A6W3,Medium,nan,,Mutated
TCGA-B5-A0JV,Medium,nan,,Mutated
TCGA-AJ-A8CW,Medium,nan,,Mutated
TCGA-AX-A3FW,Medium,Medium,,Not_mutated
TCGA-BG-A0M9,Medium,Medium,,Mutated
TCGA-BK-A0CB,Low,Low,Low,Mutated
TCGA-BG-A18B,Medium,Low,Low,Mutated
TCGA-AJ-A3BF,High,High,,Not_mutated
TCGA-BG-A18C,High,High,High,Not_mutated
TCGA-AX-A05W,Low,Medium,,Mutated
TCGA-BS-A0TC,Medium,Medium,,Mutated
TCGA-AX-A1CR,Low,nan,,Not_mutated
TCGA-EO-A3KU,High,High,High,Not_mutated
TCGA-AP-A051,High,Medium,,Mutated
TCGA-EO-A3AY,Low,Low,Low,Mutated
TCGA-B5-A0JY,Medium,Medium,,Mutated
TCGA-EY-A1GP,Medium,Medium,,Not_mutated
TCGA-AP-A05P,Medium,Medium,,Not_mutated
TCGA-AX-A06F,High,Low,Low,Mutated
TCGA-A5-A0G3,High,High,,Not_mutated
TCGA-AX-A062,Low,Medium,,Mutated
TCGA-D1-A1O7,Medium,nan,Low,Mutated
TCGA-D1-A3JQ,Medium,Medium,,Not_mutated
TCGA-D1-A0ZS,High,nan,Low,Mutated
TCGA-D1-A17C,Medium,Medium,,Mutated
TCGA-AX-A3FX,Low,Medium,,Not_mutated
TCGA-H5-A2HR,Low,High,,Not_mutated
TCGA-BG-A0VW,Low,nan,,Not_mutated
TCGA-B5-A0K0,High,High,High,Mutated
TCGA-B5-A11R,Medium,nan,,Mutated
TCGA-B5-A0K4,Medium,Medium,,Mutated
TCGA-D1-A0ZP,High,High,High,Not_mutated
TCGA-EO-A3L0,Medium,Medium,,Mutated
TCGA-AJ-A3EJ,High,nan,,Not_mutated
TCGA-EO-A22T,Medium,Medium,,Mutated
TCGA-AX-A1CP,Medium,nan,,Not_mutated
TCGA-BK-A56F,Medium,nan,,Mutated
TCGA-AX-A05Z,Low,High,,Mutated
TCGA-AX-A05S,Low,Medium,,Not_mutated
TCGA-AX-A1CE,Medium,nan,,Mutated
TCGA-DI-A2QY,Low,Low,Low,Not_mutated
TCGA-A5-A0VP,Medium,Low,,Mutated
TCGA-DI-A0WH,Low,High,,Not_mutated
TCGA-EO-A22Y,High,Medium,,Mutated
TCGA-BK-A4ZD,High,nan,,Not_mutated
TCGA-BK-A13B,Medium,Medium,,Mutated
TCGA-D1-A163,Medium,Low,,Mutated
TCGA-A5-A1OH,Medium,Medium,,Not_mutated
TCGA-AJ-A3BG,Low,nan,,Mutated
TCGA-D1-A3DA,Medium,Low,,Not_mutated
TCGA-B5-A11G,Low,Medium,,Not_mutated
TCGA-QF-A5YT,Medium,nan,,Not_mutated
TCGA-E6-A8L9,Medium,nan,,Not_mutated
TCGA-BG-A0M4,Low,Low,Low,Mutated
TCGA-D1-A16X,High,Medium,,Mutated
TCGA-EO-A3KW,Medium,High,,Not_mutated
TCGA-A5-A0GJ,Low,High,,Not_mutated
TCGA-BG-A0MU,Low,Medium,,Not_mutated
TCGA-AP-A056,Medium,Medium,,Mutated
TCGA-D1-A16G,Medium,Medium,,Not_mutated
TCGA-AP-A1DV,Medium,Medium,,Mutated
TCGA-D1-A1NU,Medium,Medium,,Not_mutated
TCGA-AP-A0LS,Low,Low,Low,Mutated
TCGA-D1-A2G0,Medium,Medium,,Mutated
TCGA-B5-A0K9,Medium,Medium,,Mutated
TCGA-D1-A17H,Medium,Medium,,Mutated
TCGA-D1-A1NY,High,Low,Low,Mutated
TCGA-A5-A1OF,Medium,Low,Low,Mutated
TCGA-B5-A1MR,Medium,nan,Low,Mutated
TCGA-EO-A3AZ,Low,Medium,,Mutated
TCGA-BG-A222,High,Medium,,Mutated
TCGA-AP-A059,Low,Medium,,Mutated
TCGA-JU-AAVI,Low,nan,,Not_mutated
TCGA-AX-A1CA,Low,nan,,Not_mutated
TCGA-DI-A1C3,Low,nan,,Not_mutated
TCGA-AJ-A3BK,Low,Medium,,Mutated
TCGA-EY-A547,Low,nan,,Not_mutated
TCGA-EO-A22S,High,Medium,,Mutated
TCGA-5S-A9Q8,Low,nan,,Mutated
TCGA-EY-A54A,Medium,nan,,Not_mutated
TCGA-D1-A169,High,Medium,,Not_mutated
TCGA-AX-A2H7,Medium,High,,Not_mutated
TCGA-BG-A0VX,Medium,nan,,Not_mutated
TCGA-D1-A3DH,Medium,Low,Low,Not_mutated
TCGA-AX-A2HK,Medium,Medium,,Not_mutated
TCGA-BG-A0M0,Medium,Medium,,Not_mutated
TCGA-A5-A3LP,Low,Medium,,Not_mutated
TCGA-A5-A0GN,Low,High,,Not_mutated
TCGA-BG-A0MS,Medium,High,High,Not_mutated
TCGA-D1-A3JP,Medium,Medium,,Not_mutated
TCGA-EY-A215,High,High,,Mutated
TCGA-AX-A2H8,High,Low,,Not_mutated
TCGA-AX-A2H2,Medium,Medium,,Not_mutated
TCGA-A5-A0G2,Medium,High,,Mutated
TCGA-A5-A0GM,Low,Medium,,Mutated
TCGA-AJ-A3OL,Medium,Low,,Mutated
TCGA-AX-A2HD,Medium,Low,,Mutated
TCGA-B5-A0K6,Low,nan,,Mutated
TCGA-AX-A06D,Low,Low,Low,Not_mutated
TCGA-B5-A3F9,Medium,nan,,Not_mutated
TCGA-EC-A24G,Medium,Medium,,Mutated
TCGA-D1-A1NZ,Medium,Low,Low,Mutated
TCGA-AJ-A3NG,High,High,High,Not_mutated
TCGA-BG-A0RY,Medium,High,,Not_mutated
TCGA-FI-A2EX,Medium,Medium,,Not_mutated
TCGA-AP-A1DP,Medium,Medium,,Mutated
TCGA-FI-A2CY,High,High,,Not_mutated
TCGA-AJ-A5DW,High,nan,,Not_mutated
TCGA-B5-A11S,High,High,High,Not_mutated
TCGA-D1-A103,Medium,Medium,,Not_mutated
TCGA-AP-A05H,Low,Medium,,Not_mutated
TCGA-BG-A220,High,Low,,Mutated
TCGA-BK-A13C,High,Medium,,Mutated
TCGA-AX-A2HH,High,Medium,,Mutated
TCGA-B5-A5OD,Medium,nan,,Not_mutated
TCGA-D1-A165,High,Medium,,Not_mutated
TCGA-EO-A1Y7,Medium,High,,Not_mutated
TCGA-A5-A0GP,Medium,nan,,Mutated
TCGA-D1-A16R,Medium,Medium,,Not_mutated
TCGA-EO-A2CG,Medium,nan,,Not_mutated
TCGA-B5-A1MX,Medium,Medium,,Mutated
TCGA-BG-A0MK,Medium,Medium,,Not_mutated
TCGA-4E-A92E,High,nan,,Mutated
TCGA-B5-A0K8,Medium,High,,Not_mutated
TCGA-BS-A0TA,Low,Low,Low,Mutated
TCGA-5B-A90C,High,nan,,Not_mutated
TCGA-BG-A0M2,Medium,Medium,,Not_mutated
TCGA-A5-A0R7,Low,High,,Not_mutated
TCGA-BK-A6W4,High,nan,,Not_mutated
TCGA-AJ-A3NH,Medium,Medium,,Not_mutated
TCGA-D1-A16J,High,High,,Not_mutated
TCGA-AW-A1PO,High,Medium,,Not_mutated
TCGA-D1-A17T,Medium,Low,Low,Mutated
TCGA-AJ-A5DV,Medium,nan,,Mutated
TCGA-EO-A3B1,High,Medium,,Not_mutated
TCGA-B5-A0JN,High,High,,Not_mutated
TCGA-AP-A0LP,Low,Low,Low,Mutated
TCGA-B5-A11U,High,Medium,,Not_mutated
TCGA-K6-A3WQ,Low,Medium,,Not_mutated
TCGA-AP-A0LM,Low,High,High,Mutated
TCGA-D1-A16Y,High,Medium,,Not_mutated
TCGA-AX-A3GI,High,High,,Not_mutated
TCGA-EY-A5W2,Low,nan,,Mutated
TCGA-A5-A0R9,Medium,High,High,Not_mutated
TCGA-B5-A11J,High,nan,,Mutated
TCGA-AX-A0IS,Low,Medium,,Mutated
TCGA-AJ-A6NU,High,nan,,Not_mutated
TCGA-D1-A0ZZ,High,High,,Not_mutated
TCGA-D1-A167,High,High,High,Mutated
TCGA-BS-A0T9,Low,Low,Low,Not_mutated
TCGA-AX-A064,Low,Low,Low,Mutated
TCGA-D1-A179,Medium,Medium,,Not_mutated
TCGA-A5-A2K2,High,nan,,Not_mutated
TCGA-D1-A17R,High,Medium,,Mutated
TCGA-QS-A8F1,Low,nan,,Not_mutated
TCGA-AP-A0LV,Medium,High,High,Not_mutated
TCGA-EY-A72D,Medium,nan,,Not_mutated
TCGA-EY-A1GE,High,Medium,,Not_mutated
TCGA-EY-A1GR,High,High,,Not_mutated
TCGA-EY-A1GL,Medium,High,,Not_mutated
TCGA-KJ-A3U4,High,High,High,Not_mutated
TCGA-BG-A0YU,Medium,High,,Not_mutated
TCGA-D1-A0ZO,High,nan,,Mutated
TCGA-AX-A1C5,Medium,nan,,Mutated
TCGA-AX-A2HF,Medium,Low,Low,Mutated
TCGA-BG-A0MH,Medium,Low,Low,Not_mutated
TCGA-B5-A11Z,High,High,High,Not_mutated
TCGA-BG-A186,Medium,Medium,,Not_mutated
TCGA-D1-A16O,High,Low,,Mutated
TCGA-BG-A3EW,High,Low,,Mutated
TCGA-A5-A2K3,Low,Medium,,Mutated
TCGA-AX-A063,Medium,Medium,,Mutated
TCGA-BS-A0UF,High,Medium,,Not_mutated
TCGA-DI-A1BY,Low,Low,Low,Mutated
TCGA-EY-A2ON,Medium,Medium,,Not_mutated
TCGA-AX-A2HA,Low,Medium,,Mutated
TCGA-PG-A916,Medium,nan,,Mutated
TCGA-AP-A1DR,Low,Low,Low,Mutated
TCGA-FI-A2EU,High,High,,Not_mutated
TCGA-BG-A0MT,High,High,High,Mutated
TCGA-D1-A0ZQ,Medium,nan,,Not_mutated
TCGA-AX-A1CN,Medium,nan,,Mutated
TCGA-D1-A168,Medium,Low,Low,Mutated
TCGA-BS-A0VI,Low,Low,Low,Mutated
TCGA-AP-A1DH,Low,Low,Low,Mutated
TCGA-B5-A11V,Medium,High,High,Not_mutated
TCGA-EY-A214,Medium,Low,Low,Mutated
TCGA-AJ-A3OJ,High,Medium,,Mutated
TCGA-AJ-A23O,Medium,Medium,,Not_mutated
TCGA-B5-A0JT,High,High,High,Not_mutated
TCGA-D1-A16N,High,High,High,Not_mutated
TCGA-B5-A0K1,High,Low,,Mutated
TCGA-D1-A0ZV,Medium,nan,,Not_mutated
TCGA-D1-A3DG,Medium,Medium,,Not_mutated
TCGA-DI-A1NN,Medium,High,,Not_mutated
TCGA-AJ-A3TW,Medium,Medium,,Not_mutated
TCGA-D1-A17M,Medium,Medium,,Mutated
TCGA-B5-A0K3,High,High,,Not_mutated
TCGA-B5-A11I,Medium,Medium,,Not_mutated
TCGA-AX-A2IN,Medium,nan,,Mutated
TCGA-D1-A17S,Low,Medium,,Not_mutated
TCGA-AX-A0J0,High,High,,Mutated
TCGA-DI-A2QU,Medium,Medium,,Not_mutated
TCGA-AX-A3G8,Low,Low,Low,Mutated
TCGA-A5-A0G9,Medium,High,,Not_mutated
TCGA-AX-A3FV,Medium,High,,Not_mutated
TCGA-D1-A16F,High,Medium,,Not_mutated
TCGA-EO-A1Y8,Medium,Medium,,Not_mutated
TCGA-A5-A0GW,Low,Medium,,Mutated
TCGA-SJ-A6ZJ,Low,nan,,Not_mutated
TCGA-AJ-A2QM,High,High,High,Not_mutated
TCGA-BS-A0U5,Medium,nan,,Mutated
TCGA-SL-A6J9,Medium,nan,,Not_mutated
TCGA-BG-A0M7,Medium,Low,Low,Not_mutated
TCGA-A5-A0GV,Low,High,,Not_mutated
TCGA-EO-A22U,Medium,Low,,Mutated
TCGA-B5-A11O,Medium,nan,,Mutated
TCGA-D1-A17N,Medium,Low,Low,Not_mutated
TCGA-AJ-A3BH,Medium,Low,,Mutated
TCGA-EY-A2OO,Medium,Medium,,Mutated
TCGA-EO-A2CH,Medium,High,,Not_mutated
TCGA-BS-A0TE,Medium,nan,,Mutated
TCGA-D1-A16S,Low,Medium,,Not_mutated
TCGA-BG-A2L7,High,Medium,,Not_mutated
TCGA-A5-A0VQ,Medium,Medium,,Not_mutated
TCGA-EO-A3B0,High,Low,,Mutated
TCGA-DF-A2KR,Low,nan,,Not_mutated
TCGA-AJ-A8CV,Medium,nan,,Mutated
TCGA-AJ-A3BI,Low,nan,,Not_mutated
TCGA-AP-A05O,Low,Low,Low,Not_mutated
TCGA-B5-A1MZ,Low,Low,,Mutated
TCGA-QS-A5YR,Low,nan,Low,Mutated
TCGA-D1-A16I,High,High,,Not_mutated
TCGA-DF-A2KU,Low,Medium,,Mutated
TCGA-AJ-A3IA,Medium,nan,,Not_mutated
